{"cameraMode":{"drawMode":0,"name":"Shaded","section":"Shading Mode"},"sceneLighting":true,"audioPlay":false,"sceneViewState":{"m_AlwaysRefresh":false,"showFog":true,"showSkybox":true,"showFlares":true,"showImageEffects":true,"showParticleSystems":true,"showVisualEffectGraphs":true,"m_FxEnabled":true},"in2DMode":false,"pivot":{"x":-15.175875663757325,"y":4.010595798492432,"z":-31.7855167388916},"rotation":{"x":0.009733540937304497,"y":0.9801444411277771,"z":0.049725908786058429,"w":-0.19175399839878083},"size":13.608617782592774,"orthographic":false}